{
  "parent": "item/generated",
  "textures": {
    "layer0": "item/disc_fragment_5"
  },
  "overrides": [
    {
      "predicate": {
        "custom_model_data": 7
      },
      "model": "item/fragment_xayoofeatmcdonaldcukrzycaone"
    },
    {
      "predicate": {
        "custom_model_data": 1
      },
      "model": "item/fragment_faintunknownartist"
    },
    {
      "predicate": {
        "custom_model_data": 2
      },
      "model": "item/fragment_saltwaterone"
    },
    {
      "predicate": {
        "custom_model_data": 3
      },
      "model": "item/fragment_treatjewbetterone"
    },
    {
      "predicate": {
        "custom_model_data": 4
      },
      "model": "item/fragment_weinersoldierone"
    },
    {
      "predicate": {
        "custom_model_data": 5
      },
      "model": "item/fragment_ninezerozerozerofreestyloone"
    },
    {
      "predicate": {
        "custom_model_data": 6
      },
      "model": "item/fragment_blackmansingingchineseredsongsone"
    },
    {
      "predicate": {
        "custom_model_data": 6
      },
      "model": "item/fragment_xayoofeatmcdonaldcukrzycaone"
    },
    {
      "predicate": {
        "custom_model_data": 8
      },
      "model": "item/fragment_faintunknownartist"
    },
    {
      "predicate": {
        "custom_model_data": 7
      },
      "model": "item/fragment_saltwaterone"
    },
    {
      "predicate": {
        "custom_model_data": 1
      },
      "model": "item/fragment_treatjewbetterone"
    },
    {
      "predicate": {
        "custom_model_data": 2
      },
      "model": "item/fragment_weinersoldierone"
    },
    {
      "predicate": {
        "custom_model_data": 3
      },
      "model": "item/fragment_ninezerozerozerofreestyloone"
    },
    {
      "predicate": {
        "custom_model_data": 4
      },
      "model": "item/fragment_blackmansingingchineseredsongsone"
    }
  ]
}