{
  "parent": "item/generated",
  "textures": {
    "layer0": "item/music_disc_11"
  },
  "overrides": [
    {
      "predicate": {
        "custom_model_data": 7
      },
      "model": "item/music_disc_xayoofeatmcdonaldcukrzycaone"
    },
    {
      "predicate": {
        "custom_model_data": 1
      },
      "model": "item/music_disc_faintunknownartist"
    },
    {
      "predicate": {
        "custom_model_data": 2
      },
      "model": "item/music_disc_saltwaterone"
    },
    {
      "predicate": {
        "custom_model_data": 3
      },
      "model": "item/music_disc_treatjewbetterone"
    },
    {
      "predicate": {
        "custom_model_data": 4
      },
      "model": "item/music_disc_weinersoldierone"
    },
    {
      "predicate": {
        "custom_model_data": 5
      },
      "model": "item/music_disc_ninezerozerozerofreestyloone"
    },
    {
      "predicate": {
        "custom_model_data": 6
      },
      "model": "item/music_disc_blackmansingingchineseredsongsone"
    },
    {
      "predicate": {
        "custom_model_data": 6
      },
      "model": "item/music_disc_xayoofeatmcdonaldcukrzycaone"
    },
    {
      "predicate": {
        "custom_model_data": 8
      },
      "model": "item/music_disc_faintunknownartist"
    },
    {
      "predicate": {
        "custom_model_data": 7
      },
      "model": "item/music_disc_saltwaterone"
    },
    {
      "predicate": {
        "custom_model_data": 1
      },
      "model": "item/music_disc_treatjewbetterone"
    },
    {
      "predicate": {
        "custom_model_data": 2
      },
      "model": "item/music_disc_weinersoldierone"
    },
    {
      "predicate": {
        "custom_model_data": 3
      },
      "model": "item/music_disc_ninezerozerozerofreestyloone"
    },
    {
      "predicate": {
        "custom_model_data": 4
      },
      "model": "item/music_disc_blackmansingingchineseredsongsone"
    },
    {
      "predicate": {
        "custom_model_data": 8
      },
      "model": "item/music_disc_xayoofeatmcdonaldcukrzycaone"
    },
    {
      "predicate": {
        "custom_model_data": 7
      },
      "model": "item/music_disc_faintunknownartist"
    },
    {
      "predicate": {
        "custom_model_data": 3
      },
      "model": "item/music_disc_ninezerozerozerofreestylotwo"
    },
    {
      "predicate": {
        "custom_model_data": 1
      },
      "model": "item/music_disc_blackmansingingchineseredsongsone"
    },
    {
      "predicate": {
        "custom_model_data": 2
      },
      "model": "item/music_disc_weinersoldierone"
    },
    {
      "predicate": {
        "custom_model_data": 5
      },
      "model": "item/music_disc_treatjewbetterone"
    },
    {
      "predicate": {
        "custom_model_data": 4
      },
      "model": "item/music_disc_saltwaterone"
    },
    {
      "predicate": {
        "custom_model_data": 6
      },
      "model": "item/music_disc_powpowfagataxdajczmanone"
    }
  ]
}