[
  {
    "title": "Xayoo feat. McDonald",
    "author": "Cukrzyca",
    "duration": 30,
    "disc-namespace": "xayoofeatmcdonaldcukrzycaone",
    "model-data": 6,
    "creeper-drop": true,
    "lores": [],
    "loot-tables": {
      "chests/simple_dungeon": 1000,
      "chests/end_city_treasure": 1000,
      "chests/pillager_outpost": 1000
    },
    "fragment-loot-tables": {}
  },
  {
    "title": "Faint",
    "author": "Unknown artist",
    "duration": 163,
    "disc-namespace": "faintunknownartist",
    "model-data": 8,
    "creeper-drop": true,
    "lores": [],
    "loot-tables": {},
    "fragment-loot-tables": {}
  },
  {
    "title": "Saltwater",
    "author": "",
    "duration": 211,
    "disc-namespace": "saltwaterone",
    "model-data": 7,
    "creeper-drop": true,
    "lores": [],
    "loot-tables": {},
    "fragment-loot-tables": {}
  },
  {
    "title": "Treat Jew Better",
    "author": "",
    "duration": 189,
    "disc-namespace": "treatjewbetterone",
    "model-data": 1,
    "creeper-drop": true,
    "lores": [],
    "loot-tables": {},
    "fragment-loot-tables": {}
  },
  {
    "title": "Weiner Soldier",
    "author": "",
    "duration": 153,
    "disc-namespace": "weinersoldierone",
    "model-data": 2,
    "creeper-drop": true,
    "lores": [],
    "loot-tables": {},
    "fragment-loot-tables": {}
  },
  {
    "title": "9000",
    "author": "freestylo",
    "duration": 115,
    "disc-namespace": "ninezerozerozerofreestyloone",
    "model-data": 3,
    "creeper-drop": true,
    "lores": [],
    "loot-tables": {},
    "fragment-loot-tables": {}
  },
  {
    "title": "blackman singing chinese red songs",
    "author": "",
    "duration": 175,
    "disc-namespace": "blackmansingingchineseredsongsone",
    "model-data": 4,
    "creeper-drop": true,
    "lores": [],
    "loot-tables": {},
    "fragment-loot-tables": {}
  }
]