{
  "model": {
    "type": "range_dispatch",
    "property": "custom_model_data",
    "fallback": {
      "type": "model",
      "model": "item/disc_fragment_5"
    },
    "entries": [
      {
        "threshold": 7,
        "model": {
          "type": "model",
          "model": "item/fragment_xayoofeatmcdonaldcukrzycaone"
        }
      },
      {
        "threshold": 1,
        "model": {
          "type": "model",
          "model": "item/fragment_faintunknownartist"
        }
      },
      {
        "threshold": 2,
        "model": {
          "type": "model",
          "model": "item/fragment_saltwaterone"
        }
      },
      {
        "threshold": 3,
        "model": {
          "type": "model",
          "model": "item/fragment_treatjewbetterone"
        }
      },
      {
        "threshold": 4,
        "model": {
          "type": "model",
          "model": "item/fragment_weinersoldierone"
        }
      },
      {
        "threshold": 5,
        "model": {
          "type": "model",
          "model": "item/fragment_ninezerozerozerofreestyloone"
        }
      },
      {
        "threshold": 6,
        "model": {
          "type": "model",
          "model": "item/fragment_blackmansingingchineseredsongsone"
        }
      }
    ]
  }
}